t,u,v,r,X,Y,Z
46.53787612915039,186,187,25.76,-51.187939502558336,20.913932051526647,185.2371872172454
78.97448539733887,186,187,25.75,-51.207818314015654,20.922053966886466,185.30912398898028
111.19651794433594,185,187,25.75,-51.58996621188144,20.922053966886466,185.30912398898028
143.88728141784668,185,187,25.68,-51.73059306682037,20.979084487824238,185.81425010577266
175.43840408325195,185,187,25.69,-51.71045659618322,20.97091824240274,185.74192069740138
207.64541625976562,185,186,25.7,-51.69033579595125,21.358282094527297,185.6696475765075
239.4263744354248,185,186,25.76,-51.569939051084894,21.308534543064887,185.2371872172454
270.5721855163574,186,185,25.75,-51.207818314015654,21.71156543733501,185.30912398898028
303.2519817352295,186,185,25.75,-51.207818314015654,21.71156543733501,185.30912398898028
336.46345138549805,185,184,25.74,-51.61000893379748,22.11490948692314,185.38111665564267
384.0794563293457,185,183,25.75,-51.58996621188144,22.501076907783556,185.30912398898028
416.37468338012695,185,183,25.77,-51.54992743329248,22.483613906690984,185.16530627536835
423.0375289916992,185,183,25.77,-51.54992743329248,22.483613906690984,185.16530627536835
446.61688804626465,185,183,25.77,-51.54992743329248,22.483613906690984,185.16530627536835
512.9425525665283,181,184,25.92,-52.77017220046772,21.96133372659728,184.09374778997847
544.792652130127,180,184,26.0,-52.986275838698745,21.893760392053906,183.52730548908625
576.357364654541,180,185,25.98,-53.02706588938288,21.519353734079157,183.66858901910092
607.4182987213135,180,188,26.06,-52.86428134329115,20.283113179789005,183.10475605204306
640.308141708374,180,190,26.04,-52.90488370991426,19.517972699740838,183.24538950523203
687.3977184295654,179,193,26.03,-53.30324549274727,18.353942702849647,183.315787273002
720.3688621520996,179,196,25.96,-53.44697535347501,17.22874607122886,183.8100902433067
727.1864414215088,179,196,25.96,-53.44697535347501,17.22874607122886,183.8100902433067
751.1379718780518,178,199,26.04,-53.660667762913036,16.004737613787487,183.24538950523203
783.6272716522217,178,201,25.94,-53.86753232637839,15.282708060870318,183.95180966523677
816.3719177246094,178,203,25.96,-53.82603191626561,14.487809196260631,183.8100902433067
848.3474254608154,178,205,25.92,-53.909096780333925,13.725833579123302,184.09374778997847
912.7352237701416,178,211,26.32,-53.08980959522247,11.199994121532134,181.2959704679423
944.354772567749,179,214,26.79,-51.79109668444238,9.865209583152323,178.11533940710123
976.2954711914062,179,218,26.76,-51.84915845202584,8.356843198974238,178.315020280876
1024.7862339019775,179,221,26.78,-51.81043615295785,7.211883624289601,178.1818499894041
1055.8807849884033,179,225,26.75,-51.86854131499855,5.699977672163566,178.38168010154175
1061.908483505249,179,225,26.75,-51.86854131499855,5.699977672163566,178.38168010154175
1086.998462677002,179,229,26.7,-51.96567341483937,4.187811310946641,178.71572819161955
1119.9069023132324,180,233,26.69,-51.61645454500439,2.665969324622525,178.78268799985918
1152.416706085205,180,237,26.61,-51.771633664267846,1.1459932561471284,179.3201782305991
1183.1250190734863,180,240,26.65,-51.693927647510975,0.0,179.05102974545
1214.6034240722656,181,243,26.62,-51.38252680075595,-1.1455627552995897,179.25281527859661
1247.8437423706055,181,246,26.73,-51.171076073180814,-2.2816970105555616,178.51514937210032
1312.9620552062988,181,253,26.71,-51.20939211666504,-4.947378598514614,178.6488185217612
1359.1487407684326,179,256,26.76,-51.84915845202584,-6.0777041447085365,178.315020280876
1390.9902572631836,177,260,26.75,-52.60426530528222,-7.599970229551421,178.38168010154175
1396.2221145629883,177,260,26.75,-52.60426530528222,-7.599970229551421,178.38168010154175
1423.168659210205,176,264,26.82,-52.83387044318954,-9.096161236711433,177.9161052466906
1455.5840492248535,176,267,26.83,-52.81417835580855,-10.229367309529472,177.8497928705271
1487.494707107544,175,271,26.86,-53.12154555682754,-11.731711304645417,177.6511519998601
1519.6781158447266,176,276,26.9,-52.67674369094214,-13.603664184122714,177.38698671807592
1550.771713256836,179,280,26.86,-51.656123610432296,-15.137692005994086,177.6511519998601
1583.16969871521,181,285,26.87,-50.90446086476082,-17.02356561931992,177.5850369451523
1616.271734237671,183,289,26.88,-50.1533573919656,-18.52987533181646,177.51897108319355
1664.5643711090088,184,293,26.95,-49.65795689521303,-19.990459727173526,177.0578828466138
1695.723533630371,183,297,26.96,-50.004534372998336,-21.491199197901576,176.9922085577241
1727.2727489471436,182,299,26.95,-50.388220967201455,-22.253530639683735,177.0578828466138
1759.1078281402588,178,299,26.95,-51.84874911117831,-22.253530639683735,177.0578828466138
1792.3424243927002,174,299,26.97,-53.26974497687919,-22.237028206877145,176.92658297056886
1823.3678340911865,174,299,26.95,-53.309277255155166,-22.253530639683735,177.0578828466138
1856.0266494750977,174,299,26.98,-53.250000816398504,-22.228786165288234,176.86100603099487
1888.181447982788,174,300,26.95,-53.309277255155166,-22.630709125102104,177.0578828466138
1919.6505546569824,175,300,26.96,-52.924507183100424,-22.622314945159555,176.9922085577241
1951.1172771453857,177,300,26.85,-52.4083462538659,-22.71499482016766,177.7173163022809
1999.9580383300781,183,301,26.83,-50.2468224635123,-23.110792810418438,177.8497928705271
2030.0769805908203,192,302,26.76,-47.06873958765466,-23.551103560745577,178.315020280876
2063.4498596191406,203,304,26.73,-43.07205683857666,-24.33810144592599,178.51514937210032
2095.698356628418,210,306,26.67,-40.586198751587766,-25.15513205900457,178.91675825707694
2127.8505325317383,210,306,26.65,-40.61665743733005,-25.174010206891253,179.05102974545
2160.3140830993652,208,305,26.62,-41.40174821355875,-24.820526364824445,179.25281527859661
2192.270517349243,206,305,26.63,-42.125240487608785,-24.811205851732137,179.18550291837184
2222.939968109131,205,305,26.65,-42.46286913902687,-24.792585809817144,179.05102974545
2256.110429763794,205,305,26.64,-42.47880865446945,-24.801892336022025,179.11824109295202
2287.292957305908,206,305,26.58,-42.20448285120474,-24.85787854897016,179.52257120828602
2336.561441421509,206,304,26.5,-42.331892610755546,-24.549337798098183,180.06452614023556
2367.664098739624,206,304,26.47,-42.37986982187465,-24.57716099922938,180.26860380492036
2399.096727371216,207,304,26.44,-42.05578085533199,-24.605047339243637,180.47314458079583
2431.9982528686523,208,304,26.18,-42.097575914626965,-24.84940609815133,182.2654676362201
2463.8450145721436,210,304,26.04,-41.56812291493264,-24.983005055668272,183.24538950523203
2495.7807064056396,210,304,26.02,-41.600073816481384,-25.002207980384387,183.38623915127755
2527.947425842285,211,304,25.95,-41.333087180531855,-25.069651315976948,183.88092264802475
2560.009717941284,212,304,25.86,-41.09641546654128,-25.15690068250587,184.52087945538446
2592.2369956970215,214,304,25.81,-40.41350977236225,-25.205635476544046,184.87833950857197
2640.4120922088623,219,305,25.58,-38.85344587077597,-25.82964862516133,186.54065452369986
2671.9143390655518,228,307,25.46,-35.55806638036342,-26.749895215855336,187.41987206269607
2704.301595687866,235,309,25.33,-33.02116902699346,-27.68978494116569,188.38175849649593
2736.0639572143555,239,309,25.39,-31.39287034161356,-27.62435023866589,187.93658695219543
2768.4326171875,240,309,25.35,-31.054227597772158,-27.667938956991197,188.23313383496023
2800.208330154419,240,309,25.23,-31.20192903700056,-27.799534386037532,189.12841627888395
2831.70223236084,240,309,25.32,-31.091021706300324,-27.700720875186686,188.45615887504906
2863.471508026123,241,309,25.28,-30.75096365638766,-27.74455112973603,188.75434899985135
2896.1775302886963,242,307,25.22,-30.43394341250738,-27.00445409181907,189.20340772070747
2927.6320934295654,243,306,25.19,-30.079545235942515,-26.633083446353783,189.4287392900453
2976.658582687378,245,304,25.1,-29.40331186268143,-25.91862357169728,190.1079658452686
3008.3158016204834,248,301,25.11,-28.21593797862094,-24.693849904561002,190.0322557832036
3038.3713245391846,252,299,25.17,-26.58486170691281,-23.827280522029262,189.5792587491554
3070.225715637207,256,298,25.04,-25.150947910655724,-23.545035565393437,190.5634961148659
3103.3401489257812,263,297,25.1,-22.346517015637886,-23.08377411854289,190.1079658452686
3134.904623031616,273,298,25.03,-18.47760660775351,-23.554442291548202,190.6396301524667
3166.7211055755615,280,298,24.89,-15.814075323493855,-23.686930114803197,191.71193020153643
3199.4173526763916,282,297,24.96,-14.98123870439399,-23.213250415682158,191.1742765511315
3232.40327835083,283,296,24.99,-14.569484181337732,-22.77862225663872,190.94477561889724
3263.6945247650146,287,296,25.05,-12.963280487483182,-22.72406268237132,190.48742286292384
3312.687873840332,294,297,25.07,-10.20534573678282,-23.111397302569866,190.3354584250595
3344.191789627075,304,299,25.04,-6.287736977663931,-23.950984454451945,190.5634961148659
3373.136281967163,311,301,24.89,-3.558166947786117,-24.91211615522405,191.71193020153643
3407.515048980713,312,301,24.9,-3.161544857845479,-24.90211128929826,191.63493745848362
3440.1230812072754,312,301,24.87,-3.165358542836848,-24.932150024267255,191.86610143611748
3472.5303649902344,312,301,24.91,-3.1602756708290816,-24.89211445618333,191.55800653216548
3503.5974979400635,312,302,24.93,-3.157740351398011,-25.279884929223897,191.4043298321798
3535.407543182373,312,302,24.85,-3.1679061151047248,-25.361268864609723,192.02052083365157
3567.943572998047,312,301,24.89,-3.162815064698771,-24.91211615522405,191.71193020153643
3615.7660484313965,312,300,24.88,-3.164086292618667,-24.51356957079991,191.78898483586184
3646.5606689453125,312,299,24.84,-3.1691814396277143,-24.143826519302603,192.0978237808471
3653.019428253174,312,299,24.84,-3.1691814396277143,-24.143826519302603,192.0978237808471
3712.3706340789795,311,299,24.87,-3.561028360691454,-24.114702482488003,191.86610143611748
3742.1841621398926,308,298,24.9,-4.742317286768218,-23.67741729146392,191.63493745848362
3775.087356567383,303,296,24.91,-6.715585800511798,-22.8517772056765,191.55800653216548
3808.189868927002,298,294,24.92,-8.687270631660079,-22.02679975238168,191.4811373481638
3839.674711227417,296,292,25.09,-9.412809919531975,-21.06727498865291,190.18373625812046
3871.9265460968018,297,292,25.04,-9.038621905391901,-21.10934223104239,190.5634961148659
3903.717041015625,297,293,25.07,-9.027805844077111,-21.489544860284262,190.3354584250595
3952.5046348571777,295,294,25.08,-9.808919826598936,-21.886277903881638,190.25956709394904
3982.1653366088867,297,297,25.58,-8.84781440621631,-22.650614948218397,186.54065452369986
3987.9987239837646,297,297,25.58,-8.84781440621631,-22.650614948218397,186.54065452369986
4020.3213691711426,302,301,26.29,-6.737373551190298,-23.585491483587933,181.5028506168217
4046.9467639923096,306,305,27.24,-5.057427209273742,-24.255595148003923,175.17290538605883
4112.6768589019775,307,310,28.55,-4.48070083399554,-24.922844579395864,167.13519939461443
4143.610954284668,307,312,29.17,-4.385464820383019,-25.09006284215982,163.58278857443406
4174.415349960327,308,315,29.88,-3.9519310723068486,-25.514458288215433,159.69578121540303
4207.154273986816,310,318,30.75,-3.200100282941155,-25.784289242209827,155.17755911272332
4237.865447998047,310,318,31.03,-3.171224096050291,-25.551624047629783,153.77731043236358
4288.471698760986,308,319,31.14,-3.792026346837785,-25.787792369299204,153.23410220668728
4320.15061378479,306,319,31.15,-4.422610503390585,-25.77951378426893,153.18490987853104
4327.433109283447,306,319,31.15,-4.422610503390585,-25.77951378426893,153.18490987853104
4350.974321365356,301,309,26.9,-6.950403681443754,-26.073689686235202,177.38698671807592
4381.971597671509,300,309,27.34,-7.1984699122487585,-25.654069223106326,174.53218517616102
4414.879560470581,299,310,27.8,-7.433326466580039,-25.595223479919134,171.6442425437497
4447.670936584473,299,311,28.18,-7.333089984773779,-25.61079392916171,169.32966439731163
4512.519598007202,307,316,28.98,-4.414217005195744,-26.657590539472118,164.65527752644036
4544.390916824341,309,317,29.31,-3.693053294796471,-26.70426250480816,162.80143100362477
4592.304706573486,309,316,29.61,-3.655636341455068,-26.090407762036545,161.15197374928206
4622.1160888671875,307,316,30.07,-4.254207143683827,-25.69128612683412,158.6867290560772
4628.519058227539,307,316,30.07,-4.254207143683827,-25.69128612683412,158.6867290560772
4655.90500831604,307,318,30.61,-4.179157426023282,-25.902218039789354,155.88728986332055
4687.628507614136,308,320,31.17,-3.7883766583422718,-26.089086126467826,153.0866199138993
4720.410585403442,308,323,31.72,-3.722689168995228,-26.598098836950733,150.4322176140051
4751.6820430755615,305,322,32.05,-4.605448535122021,-26.007074412669336,148.88330554496855
4783.658981323242,298,321,32.22,-6.719018750495628,-25.554369172688617,148.09776358523408
4816.340446472168,293,321,32.63,-8.14245559274255,-25.233275352253365,146.23689680405278
4847.041130065918,296,325,33.31,-7.089985015942878,-25.938805628103495,143.25157438355575
4927.483081817627,303,333,34.23,-4.887094428593308,-27.617332659314282,139.40140060520721
4960.472822189331,300,334,34.54,-5.69792030691607,-27.66375961523893,138.15025890898212
4967.675447463989,300,334,34.54,-5.69792030691607,-27.66375961523893,138.15025890898212
4992.003440856934,296,335,34.73,-6.800097923439598,-27.805102715012314,137.39446998895025
5021.360635757446,295,335,34.78,-7.073252134879278,-27.765129881896996,137.1969506243888
5054.007768630981,295,336,34.97,-7.034821539922829,-27.904952172559412,136.4515282446738
5086.939573287964,295,337,35.09,-7.010764013995477,-28.099205974819824,135.98489434928018
5119.280815124512,293,337,35.0,-7.591095028319697,-28.171461075897934,136.33456979189262
5152.513027191162,292,336,35.0,-7.8722466960352415,-27.88103364212579,136.33456979189262
5184.103012084961,292,337,35.06,-7.858774511158967,-28.123249790542715,136.10125335756535
5216.314315795898,290,337,35.02,-8.429733041157098,-28.155372291731226,136.25670881542666
5264.509677886963,288,337,35.0,-8.996853366897419,-28.171461075897934,136.33456979189262
5296.224594116211,290,338,34.98,-8.439372530054934,-28.478161744952914,136.41251980320877
5326.455354690552,292,338,34.82,-7.912941825423132,-28.609020615693645,137.0393435587663
5358.690500259399,289,336,34.73,-8.783459817776148,-28.097788006749283,137.39446998895025
5391.958475112915,286,335,34.92,-9.581056259493064,-27.65381492818951,136.6469055760665
5424.295425415039,284,333,34.91,-10.147553747395758,-27.079384042633276,136.68604820155377
5456.486225128174,282,330,34.81,-10.74207750823539,-26.281138074755884,137.07871136788972
5488.144397735596,281,328,34.82,-11.021597542553648,-25.68973279776572,137.0393435587663
5519.929885864258,281,326,34.86,-11.008950844283364,-25.077067574703168,136.88209818463116
5567.440986633301,281,323,34.94,-10.98374431687802,-24.146871640185385,136.56868754196458
5599.421262741089,275,316,34.78,-12.7318538427827,-22.212103905517598,137.1969506243888
5630.803108215332,273,311,34.87,-13.263392411587912,-20.697223198272933,136.84284320952804
5664.698362350464,281,308,35.2,-10.902614387264716,-19.6368548970938,135.5599415544387
5696.469068527222,291,306,35.5,-8.038561767078239,-18.898235831370474,134.4143645835561
5727.227449417114,293,300,35.54,-7.475754811232116,-17.16087819137596,134.26308223737317
5760.123252868652,290,290,35.03,-8.427326608658907,-14.508935458214426,136.2178116676061
5792.055606842041,289,280,34.62,-8.811367980108772,-11.744610262305057,137.8310208756858
5824.302434921265,290,273,34.8,-8.483024456934528,-9.639186379506492,137.11810180219086
5856.27007484436,290,268,35.16,-8.396167551232127,-8.094962602295244,135.71416219329473
5904.393672943115,290,262,35.19,-8.389009693132186,-6.354905484641961,135.59846384530385
5936.262607574463,290,256,34.88,-8.463567978822292,-4.662825771571113,136.80361074301152
5966.82333946228,289,248,34.39,-8.87029832716969,-2.3646316212910796,138.75283346078052
5999.786615371704,287,240,34.02,-9.545272669354901,0.0,140.26190307807883
6030.251979827881,286,233,34.09,-9.814329263170952,2.087260817664277,139.9738909567686
6063.41290473938,287,226,34.52,-9.407015533356132,4.122521510670636,138.2302996151866
6096.588850021362,287,219,34.62,-9.379843333664175,6.165920387710155,137.8310208756858
6128.200531005859,289,211,34.3,-8.893573162430485,8.594281203461394,139.11690795091087
6160.068511962891,290,203,34.13,-8.649553211289819,11.019734155725928,139.80984303299857
6190.9942626953125,286,196,34.44,-9.714590144642793,12.986592567047074,138.55139206493155
6240.660190582275,283,188,34.72,-10.486503735358006,15.224018705797853,137.43404212892403
6272.212743759155,282,181,34.6,-10.807275088487685,17.333313605187186,137.91069198601855
6304.252624511719,282,175,34.43,-10.860636597783156,19.190311119129447,138.5916335380843
6335.068464279175,279,169,34.56,-11.67397694362865,20.88287537395188,138.07031084248385
6366.4233684539795,276,164,34.65,-12.495629676246416,22.295439360285776,137.71168665847742
6398.737907409668,277,160,34.4,-12.300385462555067,23.639442283779136,138.7124983347745
6430.734395980835,278,156,34.09,-12.12358320744647,25.04712981197132,139.9738909567686
6463.23037147522,278,152,33.82,-12.220371127789777,26.44933459545247,141.09136436180492
6493.595600128174,278,149,33.67,-12.274812935605885,27.4728653568244,141.7199270185994
6543.7171459198,277,145,33.73,-12.544715680755834,28.6294461100616,141.46783109149845
6575.929880142212,276,143,34.0,-12.734516714174656,29.00003346048317,140.34441007988949
6608.565330505371,279,141,34.03,-11.855793216920546,29.571879459902373,140.2206859452319
6640.255451202393,280,140,33.99,-11.580239329266316,29.90573751699037,140.3856999916517
6670.795202255249,278,139,33.98,-12.162829651025612,30.213683884182693,140.42701420589296
6703.081846237183,276,138,33.9,-12.77208166023417,30.584835945916012,140.75840538985966
6735.103130340576,276,138,33.81,-12.806080102985455,30.666250770971683,141.13309502266316
6767.772436141968,277,138,33.83,-12.507634050011655,30.648121151834253,141.04965837174822
6800.038814544678,278,139,33.95,-12.17357736500295,30.240382279367534,140.55110287823982
6832.2601318359375,279,140,33.92,-11.89424065954617,29.967453366819065,140.67541104705901
6879.957437515259,280,141,33.76,-11.659133139862622,29.80838442003785,141.3421191562868
6911.916494369507,281,142,33.73,-11.377765384871571,29.53353388195828,141.46783109149845
6944.035053253174,281,141,33.76,-11.367654811366055,29.80838442003785,141.3421191562868
6974.738359451294,281,141,33.83,-11.344133208150106,29.74670582383913,141.04965837174822
7007.66658782959,281,140,33.75,-11.37102300538424,30.118400539333418,141.38399830270347
7039.22176361084,281,140,33.74,-11.37439319596082,30.127327154786688,141.42590227374754
7072.0860958099365,280,140,33.68,-11.686827042807664,30.180998165157447,141.67784865547037
7103.385448455811,282,141,33.61,-11.125608987255996,29.941417971451287,141.9729230204178
7134.691953659058,284,141,33.65,-10.527521584593933,29.905826389910185,141.8041587731424
7168.063402175903,284,140,33.7,-10.511902116367532,30.163086593546073,141.59376684617928
7216.455936431885,282,138,33.61,-11.125608987255996,30.84873366755587,141.9729230204178
7248.3811378479,280,135,33.52,-11.7426114201003,31.841313219350468,142.35411523616472
7255.226135253906,280,135,33.52,-11.7426114201003,31.841313219350468,142.35411523616472
7311.9072914123535,276,128,33.54,-12.909170193259936,33.94381456132388,142.26922906130716
7343.984603881836,275,125,33.6,-13.17898442416614,34.79078633728804,142.0151768665548
7374.572515487671,275,123,33.71,-13.135979728626,35.28034237012543,141.55176335556934
7406.010627746582,277,122,33.79,-12.522440364365027,35.497641357767186,141.216630444399
7438.999891281128,279,122,33.75,-11.95415239027574,35.539712636413434,141.38399830270347
7472.034215927124,281,124,33.77,-11.364288612132603,34.91665327553755,141.30026481244423
7519.672632217407,282,125,33.67,-11.105783132214848,34.71845622016271,141.7199270185994
7553.179025650024,283,125,33.39,-10.904205142007486,35.009596314252114,142.90835407955203
7560.427188873291,283,125,33.39,-10.904205142007486,35.009596314252114,142.90835407955203
7583.137273788452,284,126,33.15,-10.686307732174537,34.95642415538019,143.94298469732254
7615.895748138428,283,126,33.17,-10.976527274393426,34.93534702293799,143.8561936302756
7647.893905639648,283,126,33.18,-10.973219098602469,34.92481798525778,143.81283733322007
7712.048530578613,287,129,32.88,-9.876221904241293,34.31601521304069,145.12499825779324
7744.114637374878,287,130,32.82,-9.894277154523271,34.0690316886884,145.39030904071427
7775.049209594727,288,130,32.85,-9.585688518764373,34.03791841773982,145.25753250277754
7807.317495346069,286,128,32.89,-10.17240755796588,34.614640936053604,145.080873904416
7855.647325515747,280,128,32.85,-11.982110648455466,34.656789661698724,145.25753250277754
7888.302564620972,274,126,32.81,-13.796226303627746,35.31866689274164,145.43462184444505
7896.917343139648,274,126,32.81,-13.796226303627746,35.31866689274164,145.43462184444505
7918.449401855469,265,124,33.06,-16.370748951978914,35.66652695447378,144.33484400230617
7951.749324798584,259,123,33.37,-17.987977541884543,35.63980645181086,142.99400487612354
7984.0075969696045,258,121,33.74,-18.082368670501815,35.85151931419616,141.42590227374754
8014.286756515503,255,120,34.18,-18.713283910265165,35.687396777150475,139.60532307537278
8048.462629318237,250,118,34.53,-19.948496550914673,35.91442635989149,138.1902676720603
8112.414360046387,236,111,35.92,-23.011856990080744,36.50556412809656,132.8427044186036
8144.0980434417725,227,108,36.24,-25.252446976106423,37.02468940472692,131.6697004060773
8193.182706832886,218,104,36.82,-27.259952573180158,37.54575189449766,129.5955986614949
8225.085496902466,207,99,37.73,-29.4713714766758,37.9872617457071,126.46991631900987
8232.335567474365,207,99,37.73,-29.4713714766758,37.9872617457071,126.46991631900987
8254.588842391968,196,95,38.44,-31.74293022594856,38.34337217465216,124.13397353580235
8287.516593933105,187,92,38.86,-33.67887321708335,38.71369292176284,122.79232997211122
8318.954944610596,180,90,39.11,-35.22483180276572,38.98604007424582,122.00741351869706
8351.680517196655,173,90,39.18,-36.91999311884828,38.916386608059064,121.78943192231348
8383.294582366943,166,90,39.5,-38.364746556627445,38.601114615284914,120.80278335990486
8416.272640228271,161,89,39.9,-39.21325891822066,38.46889692946815,119.59172788762511
8447.986841201782,156,89,40.27,-40.07475968927798,38.11544543048868,118.49292134880163
8527.92739868164,140,88,41.28,-42.90832138100604,37.42911694931696,115.59374861231206
8536.275148391724,140,88,41.28,-42.90832138100604,37.42911694931696,115.59374861231206
8558.995008468628,132,87,41.42,-44.6638815443815,37.54801805528318,115.20304062569392
8592.322826385498,123,86,41.42,-46.80204608639977,37.793429937997445,115.20304062569392
8624.003410339355,114,86,41.47,-48.881203863734626,37.74786274492053,115.06414137246786
8656.453609466553,107,86,41.57,-50.42063225449562,37.65705720548122,114.78734526620741
8687.710523605347,102,86,41.44,-51.76610098140935,37.77518986563356,115.14744070261203
8719.933986663818,98,86,41.21,-53.01015428657558,37.9860196076645,115.79009810036986
8751.314163208008,93,86,41.3,-54.08595641646489,37.9032413567035,115.5377710100785
8783.804416656494,92,86,41.39,-54.20609587750771,37.820823098136124,115.28654125915057
8831.801414489746,92,85,41.33,-54.28478849189557,38.121675011223786,115.45390618718224
8864.189386367798,88,86,41.37,-55.183745270732906,37.83910727657371,115.34227562765875
8896.275281906128,83,86,41.16,-56.660667728387764,38.03216394635214,115.93075662575905
8926.8958568573,77,85,41.1,-58.17992539953052,38.33500798573915,116.09999860623459
8960.207223892212,67,83,41.31,-60.266231363378,38.63226212970054,115.50980253488845
8992.072820663452,58,83,41.26,-62.485719654666546,38.67907776485529,115.64978048270098
9023.280382156372,54,83,41.02,-63.810873389364154,38.90538148654142,116.32642473710975
9055.661916732788,49,83,41.19,-64.74201428215436,38.74481059912429,115.84632053207677
9088.252067565918,45,84,41.4,-65.36436719232161,38.302748511978365,115.25869426850826
9119.171380996704,46,85,41.29,-65.30018148200703,38.15860567241171,115.56575303260456
9167.630434036255,46,86,41.32,-65.25277089525824,37.88489516049986,115.4818475971985
9199.180364608765,44,88,41.16,-65.98457507609714,37.53823973925666,115.93075662575905
9231.95505142212,44,89,40.83,-66.51788170786575,37.59267664672494,116.86774290267554
9264.34588432312,44,90,40.72,-66.69757146689976,37.44459792003325,117.18344653035957
9296.160459518433,42,91,40.65,-67.29657384679574,37.25901764137095,117.38523844320399
9327.754259109497,43,93,40.38,-67.50285830862313,37.0046841693333,118.170132310952
9358.210802078247,47,94,40.33,-66.61056744413654,36.79851689996663,118.31663631828025
9391.529560089111,50,96,40.04,-66.35572577202534,36.55729935593416,119.17357499291315
9424.194812774658,55,99,39.55,-65.93379818107898,36.23917536448873,120.65006176273685
9472.74112701416,59,101,39.09,-65.70274966951898,36.14554784603425,122.06983736802869
9503.416299819946,62,103,38.61,-65.75497434528272,36.068364282243685,123.58741110376178
9535.274982452393,65,106,38.02,-65.99891200318866,35.82600379777364,125.50525888259446
9567.866325378418,72,108,37.39,-65.26869419018253,35.88592522137747,127.61995032672485
9599.68876838684,78,108,36.93,-64.48293055918388,36.33292022819669,129.2095841515365
9632.380962371826,80,108,36.61,-64.50898685633905,36.65049833453438,130.3389768564939
9663.668632507324,84,108,36.06,-64.4013526159289,37.20950482604835,132.3269534863073
9696.104049682617,90,107,35.26,-64.18805800085457,38.342022240763725,135.32926666807268
9728.11245918274,93,106,34.71,-64.3546528377989,39.242427669010475,137.47363707047657
9760.355949401855,97,107,34.04,-64.46500489188671,39.71620752671354,140.1794930292668
9808.412790298462,107,110,32.95,-63.611098112879596,40.10454700040223,144.8166902190058
9840.490341186523,115,114,32.13,-62.784413814473396,39.86258894911775,148.51260325914228
9871.44684791565,121,118,31.79,-61.59865887507916,39.00991324967139,150.1009733474754
9904.446840286255,124,122,31.54,-61.150933434642816,38.02997151169795,151.29074009880287
9934.782266616821,125,126,31.2,-61.50192731277533,37.14120066509145,152.9394212409052
9968.053340911865,129,129,30.78,-61.06234238721292,36.657263814320274,155.0263139284029
9998.255968093872,133,132,30.29,-60.75066573780911,36.243502794939026,157.53416780179077
10031.741619110107,136,133,30.07,-60.21339341829417,36.170626520674354,158.6867290560772
10064.67604637146,137,134,29.84,-60.34773564738812,36.10877276456611,159.9098506272199
10096.47822380066,139,136,29.47,-60.437591278519626,35.87227210487285,161.91754132053757
10144.695281982422,142,139,28.93,-60.54527790763364,35.487762820066635,164.9398528419026
10175.17066001892,146,141,28.5,-60.077672153953166,35.30986168492905,167.42841904267516
10207.799911499023,146,144,28.15,-60.82464143473056,34.66558356925054,169.51012229897842
10239.809036254883,144,148,27.84,-62.208846017519875,33.59110404979535,171.39762725273857
10271.732568740845,145,152,27.4,-62.84868484517186,32.6465874459198,174.1499979093519
10304.046630859375,149,156,26.79,-62.810478957727994,31.872215576338274,178.11533940710123
10336.537599563599,158,172,31.76,-50.19300868851185,21.763768651690867,150.2427563827532
10367.38109588623,157,173,31.66,-50.66235831703034,21.5114444787011,150.71730709779666
10400.134086608887,158,173,31.57,-50.495088880175366,21.572769470879848,151.1469731617435
10448.583364486694,159,174,31.61,-50.11988761711777,21.22389661542714,150.9557084060817
10480.136394500732,159,174,31.56,-50.199291748323596,21.25752129320823,151.19486510507738
10511.84105873108,160,174,31.48,-50.014273799461506,21.3115429483371,151.57909602021098
10544.033288955688,161,174,31.29,-50.0034845265901,21.440951486534097,152.49951878287766
10575.832605361938,160,175,31.03,-50.739585536804654,21.293020039691484,153.77731043236358
10608.144283294678,158,176,30.6,-52.09575019435086,21.26004743952947,155.93823342209942
10639.947414398193,161,178,30.63,-51.080934731864325,20.575498899299763,155.78550253725896
10672.110795974731,162,179,30.23,-51.43131731614159,20.511497555525192,157.84683899160575
10704.255819320679,163,181,29.89,-51.68713329196775,20.06465877348533,159.64235338629112
10735.63289642334,163,181,29.22,-52.87229343247488,20.52473137369872,163.3028727828967
10784.579277038574,162,180,28.41,-54.72610779538754,21.46770893775085,167.95881530152207
10816.45131111145,159,181,27.89,-56.80493537386491,21.503501281444123,171.09035291202014
10822.880744934082,159,181,27.89,-56.80493537386491,21.503501281444123,171.09035291202014
10846.54188156128,162,182,27.88,-55.766453460077486,21.146617308373447,171.15171960962132
10911.170482635498,172,184,26.84,-54.26101485717287,21.208560737459074,177.78352990746058
10944.179058074951,174,184,26.01,-55.235871665760534,21.885342952456803,183.45674520246988
10976.171493530273,174,182,25.93,-55.40628700449023,22.736895123696552,184.02275135812735
11006.652116775513,171,180,25.98,-56.435948696557496,23.475658618995443,183.66858901910092
11038.604736328125,172,179,25.96,-56.10037129300923,23.885307053294554,183.8100902433067
11071.123600006104,178,179,25.89,-53.97156386814428,23.94988687151513,184.30706615358216
11120.372533798218,184,180,25.89,-51.69107525399733,23.55726577526078,184.30706615358216
11152.431964874268,188,181,25.8,-50.345763753713754,23.24545157904948,184.9499977796993
11159.800052642822,188,181,25.8,-50.345763753713754,23.24545157904948,184.9499977796993
11184.298515319824,192,181,25.68,-49.048266018911164,23.354075184559058,185.81425010577266
11214.86520767212,191,182,25.66,-49.46998362181149,22.97613758992407,185.9590780481778
11248.367547988892,191,182,25.68,-49.431455597183906,22.95824340176992,185.81425010577266
11311.395168304443,190,183,25.71,-49.75651840162298,22.536084417558406,185.5974306774112
11344.021081924438,190,185,25.76,-49.65994130845212,21.703137034603124,185.2371872172454
11376.341104507446,190,186,25.73,-49.717842522570024,21.333379317114318,185.4531652824035
11424.550771713257,190,187,25.7,-49.77587891461972,20.96275835203605,185.6696475765075
11455.13916015625,190,188,25.7,-49.77587891461972,20.567234609544805,185.6696475765075
11461.661100387573,190,188,25.7,-49.77587891461972,20.567234609544805,185.6696475765075
11487.663984298706,190,189,25.68,-49.814645175456654,20.187420922245963,185.81425010577266
11518.543720245361,190,190,25.72,-49.737172943457495,19.76080906303466,185.5252699345351
11551.947116851807,189,191,25.66,-50.236960112072126,19.41087486045309,185.9590780481778
11584.31339263916,189,192,25.72,-50.11976658148409,18.970376700513274,185.5252699345351
11614.758729934692,189,193,25.73,-50.10028746505133,18.56794125748839,185.4531652824035
11648.196697235107,188,195,25.76,-50.42394040550523,17.75711211922074,185.2371872172454
11711.328268051147,187,199,25.69,-50.94437575772125,16.22278581016061,185.74192069740138
11759.360790252686,187,200,25.67,-50.984067519121886,15.839439317530232,185.88663586740327
11789.2746925354,187,201,25.63,-51.063636879276594,15.467555485718927,186.17674376575272
11793.588638305664,187,201,25.63,-51.063636879276594,15.467555485718927,186.17674376575272
11822.383880615234,187,201,25.61,-51.10351476828812,15.47963479496197,186.3221375523718
11855.222463607788,187,202,25.64,-51.04372126426907,15.065073592704797,186.10413193121067
11888.197660446167,187,202,25.62,-51.083568041212295,15.076833993635873,186.24941228400633
11919.796228408813,186,201,25.61,-51.48775172143315,15.47963479496197,186.3221375523718
11951.885223388672,186,202,25.63,-51.44757399866965,15.070951498905622,186.17674376575272
11988.096237182617,186,202,25.59,-51.5279922464206,15.094509062796057,186.46775860555852
12014.90068435669,186,202,25.64,-51.4275086421959,15.065073592704797,186.10413193121067
12047.323226928711,186,201,25.62,-51.46765501896577,15.47359278294208,186.24941228400633
12128.577470779419,186,201,25.68,-51.34740348854763,15.437439528776325,185.81425010577266
12137.18867301941,186,201,25.68,-51.34740348854763,15.437439528776325,185.81425010577266
12159.04951095581,186,201,25.68,-51.34740348854763,15.437439528776325,185.81425010577266
12191.6344165802,186,201,25.67,-51.36740637264912,15.443453334591977,185.88663586740327
12223.382711410522,186,201,25.66,-51.387424847463095,15.449471827707564,185.9590780481778
12256.383657455444,186,201,25.65,-51.407458931224284,15.455495013605306,186.0315767140835
12286.728143692017,186,201,25.65,-51.407458931224284,15.455495013605306,186.0315767140835
12318.739175796509,186,200,25.59,-51.5279922464206,15.888956908206374,186.46775860555852
12350.739002227783,186,200,25.6,-51.50786412444933,15.882750284414104,186.39491963735318
12399.9662399292,186,199,25.64,-51.4275086421959,16.254421507918334,186.10413193121067
12431.77056312561,186,199,25.66,-51.387424847463095,16.241752434256668,185.9590780481778
12464.215517044067,186,199,25.65,-51.407458931224284,16.248084501482502,186.0315767140835
12495.577096939087,186,199,25.63,-51.44757399866965,16.26076345934554,186.17674376575272
12527.668952941895,186,199,25.65,-51.407458931224284,16.248084501482502,186.0315767140835
12558.867692947388,186,199,25.64,-51.4275086421959,16.254421507918334,186.10413193121067
12590.759992599487,186,199,25.65,-51.407458931224284,16.248084501482502,186.0315767140835
12624.165296554565,186,199,25.61,-51.48775172143315,16.273462220344637,186.3221375523718
12655.542612075806,186,199,25.68,-51.34740348854763,16.2291030943546,185.81425010577266
12687.146663665771,186,199,25.65,-51.407458931224284,16.248084501482502,186.0315767140835
12735.08358001709,186,199,25.62,-51.46765501896577,16.267110361554494,186.24941228400633
12768.555164337158,186,198,25.59,-51.5279922464206,16.683404753616696,186.46775860555852
12800.068616867065,186,198,25.68,-51.34740348854763,16.624934877143737,185.81425010577266
12832.236528396606,187,196,25.59,-51.1434549908503,17.477852599027013,186.46775860555852
12863.170862197876,187,196,25.62,-51.083568041212295,17.457386729473114,186.24941228400633
12894.969940185547,187,195,25.65,-51.023821178006195,17.83326347723689,186.0315767140835
12928.269147872925,187,196,25.73,-50.86517735001395,17.382753517648705,185.4531652824035
12960.54458618164,187,196,25.7,-50.92455304341863,17.403044669614832,185.6696475765075
12990.232467651367,187,196,25.7,-50.92455304341863,17.403044669614832,185.6696475765075
13022.038698196411,186,196,25.7,-51.30744441968494,17.403044669614832,185.6696475765075
13072.470903396606,186,196,25.69,-51.327416176952234,17.40981891822114,185.74192069740138
13104.225873947144,186,196,25.68,-51.34740348854763,17.41659844272201,185.81425010577266
13135.414123535156,186,196,25.69,-51.327416176952234,17.40981891822114,185.74192069740138
